{"eid": 520001, "path": "./results/", "init_time": 1758293125.764467, "save_time": 1758293275.3142312, "total_time": 149.54976415634155, "args": {"experiment_id": 520001, "dataset": "mnist", "tau": 10, "seed": 0, "batch_size": 128, "learning_rate": 0.01, "training_bit_count": 32, "implementation": "python", "packbits_eval": false, "compile_model": false, "num_iterations": 200, "eval_freq": 100, "valid_set_size": 0.0, "extensive_eval": false, "connections": "random", "architecture": "randomly_connected", "num_neurons": 6000, "num_layers": 4, "grad_factor": 1.0}, "server_name": "eduroam-174328017-1", "loss": [1.3484312295913696, 0.8068552613258362], "train_acc_eval_mode": [0.10026041666666667, 0.10024372329059829], "train_acc_train_mode": [-1, -1], "valid_acc_eval_mode": [-1, -1], "valid_acc_train_mode": [-1, -1], "test_acc_eval_mode": [0.10024009825659543, 0.10024009825659543], "test_acc_train_mode": [0.7172869151236774, 0.8166266520197938]}